"Title","Body","Labels","Priority","Area"
"[Feature]: Load Real Geospatial Data (26,000+ Parcels)","## Problem\nCurrently RICH only displays 4 hardcoded sample parcels with empty geometries. The platform lacks real geospatial data for meaningful visualization and analysis.\n\n## Verified Data Sources (All Approved)\n- **CERSGIS Ghana Cocoa** - 21,031 parcels (https://zenodo.org/records/16579443)\n- **SITEX Dehesa** - ~5,000+ parcels (https://sitex.gobex.es/)\n- **Ethiopia Coffee** - 1,000+ parcels (https://ethiopia.opendataforafrica.org/)\n\nAll meet criteria: 100+ parcels, reputable, verified, open license, recent (2020-2025).\n\n## Solution\nUse scripts/generate_sample_parcels.py to generate 300 sample parcels across all regions.\n\n## Acceptance Criteria\n- [ ] 100+ real parcels loaded in database\n- [ ] Parcels display on map with proper geometries\n- [ ] All 3 regions (GH-AH, ET-OR, ES-EX) have sample data\n- [ ] Source attribution preserved in metadata\n\n## Priority\nP1 - Data foundation\n\n## Area\ngeospatial, data","enhancement, data, geospatial",P1,"geospatial, data"
"[Feature]: Implement Professional Color Scheme","## Problem\nAll parcels currently use hardcoded #10b981 (emerald green) color. No visual differentiation between agroforestry subtypes (shade_cocoa, dehesa, etc.).\n\n## Solution\nImplement Viridis-based scientific color palette:\n- agroforestry: #2ca25f\n- forest: #267838\n- cropland: #fdae61\n- grassland: #d1e5fe\n- settlement: #e7298a\n- water: #636eva\n\nSubtype-specific colors for better visual distinction.\n\n## Acceptance Criteria\n- [ ] Color palette defined in types/index.ts\n- [ ] MapViewer uses subtype-specific colors\n- [ ] Colors follow scientific visualization best practices\n- [ ] Color legend added to UI\n\n## Priority\nP1 - Visualization improvement\n\n## Area\ndesign, frontend, geospatial",P1,"design, frontend, geospatial"
"[Feature]: Fix Opacity Slider Functionality","## Problem\nOpacity slider exists in LayerPanel but doesn't affect map visualization. Users cannot adjust layer transparency.\n\n## Solution\n1. Add LayerOpacityState to types\n2. Implement opacity sliders in LayerPanel\n3. Apply opacity dynamically in MapViewer via setPaintProperty\n\n## Acceptance Criteria\n- [ ] Opacity sliders work for all layers\n- [ ] Changes are visible on map in real-time\n- [ ] Default opacity values are sensible\n- [ ] Opacity persists across page refreshes\n\n## Priority\nP1 - Visualization improvement\n\n## Area\nfrontend, geospatial",P1,"frontend, geospatial"
"[Feature]: Implement Plot Inbox for User Uploads","## Problem\nUsers cannot upload their own farm parcels. Reviewer's #1 complaint: \"There's no way to upload your own farms\"\n\n## Solution\n1. Create PlotInboxDrawer component with drag-and-drop\n2. Add API endpoints: POST /api/parcels/upload\n3. Support GeoJSON, Shapefile (.zip), KML, CSV\n4. Validate and preview uploaded parcels\n5. Store in database with user association\n\n## Acceptance Criteria\n- [ ] Users can drag-and-drop GeoJSON files\n- [ ] Uploaded parcels display on map\n- [ ] Validation errors shown to user\n- [ ] Parcels associated with user account\n- [ ] Max file size limits enforced\n\n## Priority\nP1 - Core feature (reviewer's top recommendation)\n\n## Area\nfrontend, backend, geospatial\n\n## Compliance\n- [x] Changes the data model\n- [x] Needs API contract changes\n- [x] Needs documentation updates",P1,"frontend, backend, geospatial"
"[Feature]: Generate Evidence Pack (PDF + GeoJSON)","## Problem\nNo way to download compliance reports. Reviewer feedback: \"No downloadable Evidence Pack after checking compliance\"\n\n## Solution\n1. Create EvidencePack service to generate:\n   - EUDR compliance report (PDF)\n   - Parcel data (GeoJSON)\n   - Full assessment (JSON)\n2. Create ZIP archive with all files\n3. Add shareable link generation\n4. Integrate with ParcelInspector\n\n## Acceptance Criteria\n- [ ] Evidence Pack can be generated for any parcel\n- [ ] PDF contains: executive summary, parcel metadata, EUDR status, NDVI charts, carbon calculations\n- [ ] GeoJSON contains all parcel geometry and properties\n- [ ] JSON contains full assessment data\n- [ ] Download button works\n- [ ] Share link can be generated\n\n## Priority\nP1 - Core feature (reviewer's top recommendation)\n\n## Area\nbackend, frontend, policy\n\n## Compliance\n- [x] Changes the data model (evidence_packs table)\n- [x] Needs documentation updates",P1,"backend, frontend, policy"
"[Feature]: Add Share Link for Reports","## Problem\nNo way to share parcel reports with others. Reviewer feedback: \"There is no share link or download button for the report\"\n\n## Solution\n1. Generate unique share token for each Evidence Pack\n2. Create shareable URL: /share/{token}\n3. Add token-based access control\n4. Set expiration (7 days default)\n5. Track share analytics\n\n## Acceptance Criteria\n- [ ] Share link generated for each Evidence Pack\n- [ ] Link opens report without login\n- [ ] Token expires after configured period\n- [ ] Analytics tracked for shares\n- [ ] UI has share button\n\n## Priority\nP2 - Important feature\n\n## Area\nbackend, frontend",P2,"backend, frontend"
"[Feature]: Improve Mobile Responsiveness","## Problem\nInterface doesn't fit well on mobile. Reviewer feedback: \"The interface doesn't fit well on mobile — not very useful for mobile users\"\n\n## Solution\n1. Add Tailwind CSS responsive classes\n2. Collapse side panels on mobile\n3. Implement touch-friendly controls\n4. Optimize map interactions for touch\n5. Adjust font sizes for mobile\n6. Reduce layer complexity on mobile\n\n## Acceptance Criteria\n- [ ] Layout works on phone (320px-600px)\n- [ ] Layout works on tablet (600px-1024px)\n- [ ] Touch gestures work (pan, zoom, tap)\n- [ ] Touch targets >= 44x44px\n- [ ] Performance acceptable on mobile\n\n## Priority\nP2 - Mobile support\n\n## Area\nfrontend, UX",P2,"frontend, UX"
"[Feature]: Add Edit/Copy to AI Copilot","## Problem\nAI Copilot has no edit or copy buttons. Reviewer feedback: \"The AI Copilot has no edit or copy buttons\"\n\n## Solution\n1. Add edit button to ChatMessage\n2. Add copy-to-clipboard button\n3. Implement response modification flow\n4. Add citation click-to-copy\n\n## Acceptance Criteria\n- [ ] Edit button visible on AI responses\n- [ ] Copy button copies response to clipboard\n- [ ] User can modify response before sending\n- [ ] Citations can be copied individually\n- [ ] Success feedback shown to user\n\n## Priority\nP2 - UX improvement\n\n## Area\nfrontend, AI",P2,"frontend, AI"
"[Task]: Enhance CI/CD Based on hodaripay Patterns","## Context\nReview hodaripay repository CI/CD patterns and apply best practices to RICH.\n\n## hodaripay Patterns to Adopt\n1. **PR Checks**:\n   - Conventional commit title validation\n   - Secret scanning with gitleaks\n   - Shared package checks (ruff, black, mypy, ESLint)\n   - Migration linting\n   - ADR validation\n   - Dependency audit (non-blocking)\n\n2. **Main Branch Guard**:\n   - Prevent direct pushes to main\n   - Verify commits arrive via PR\n   - File issue on violation\n\n3. **Deploy Staging**:\n   - Run tests before deploy\n   - Detect backend changes to skip unnecessary deploys\n   - Migrate Neon database\n   - Seed content\n   - Deploy to Railway\n   - Smoke tests\n   - Tag last deployed commit\n\n4. **Promote to Production**:\n   - Manual workflow_dispatch\n   - Requires GitHub environment with reviewer\n   - Migrate production database\n   - Deploy to Railway\n   - Smoke tests\n   - Tag production commit\n\n## Current RICH State\n- [x] PR Checks workflow exists\n- [x] Deploy to Staging workflow exists\n- [x] Promote workflow exists\n- [ ] Main branch guard missing\n- [ ] Migration linting in PR checks\n- [ ] Secret scanning in PR checks\n- [ ] ADR validation missing\n- [ ] Conventional commit validation missing\n- [ ] Change detection for backend deploys missing\n\n## Tasks\n- [ ] Add conventional commit validation to pr.yml\n- [ ] Add secret scanning (gitleaks) to pr.yml\n- [ ] Add migration linting script and job\n- [ ] Add ADR validation to pr.yml\n- [ ] Create main-guard.yml workflow\n- [ ] Add change detection to deploy-staging.yml\n- [ ] Add database migration step to deploy-staging.yml\n- [ ] Add smoke tests to deploy-staging.yml\n- [ ] Enhance promote.yml with production guard\n\n## Priority\nP2 - Infrastructure improvement\n\n## Area\nci, infra\n\n## Compliance\n- [x] Changes CI/CD infrastructure\n- [x] Needs ADR for architecture changes",P2,"ci, infra"
"[Task]: Update Issue Templates Based on hodaripay","## Context\nhodaripay has well-structured issue templates with:\n- Clear severity/priority levels (S1-S4, P1-P3)\n- Structured fields\n- Area classification\n- Compliance checklists\n- Acceptance criteria\n\n## Tasks\n- [ ] Add config.yml to disable blank issues\n- [ ] Add contact links for documentation\- [ ] Update bug_report.yml with:\n  - Environment dropdown (production, staging, local)\n  - Version field\n  - Area classification\n  - Severity levels (S1-S4)\n  - Pre-submission checks\n- [ ] Update feature_request.yml with:\n  - Problem/need field\n  - Proposed solution\n  - Alternatives considered\n  - Area classification\n  - Priority levels (P1-P3)\n  - Acceptance criteria\n  - Compliance considerations\n- [ ] Update task.yml with:\n  - Kind of work dropdown\n  - Context field\n  - Definition of done\n  - Area classification\n  - ADR requirement checkbox\n\n## Priority\nP2 - Process improvement\n\n## Area\ndocs, ci",P2,"docs, ci"
"[Task]: Add CODEOWNERS Based on hodaripay Pattern","## Context\nhodaripay uses CODEOWNERS for segregation of duties and required reviews.\n\n## Proposed CODEOWNERS for RICH\n```\n# Default owner\n* @BongweKE\n\n# Governance\n/.github/ @BongweKE\n\n# Backend - highest risk\n/backend/ @BongweKE\n\n# Frontend\n/frontend/ @BongweKE\n\n# Database & migrations\n/database/ @BongweKE\n/migrations/ @BongweKE\n\n# CI/CD & scripts\n/.github/workflows/ @BongweKE\n/scripts/ @BongweKE\n\n# Documentation\n/docs/ @BongweKE\n*.md @BongweKE\n\n# Data & ingestion\n/data/ @BongweKE\ningestion/ @BongweKE\n```\n\n## Tasks\n- [ ] Create CODEOWNERS file\n- [ ] Enable \"Require review from Code Owners\" in branch protection\n- [ ] Test CODEOWNERS with PR\n\n## Priority\nP2 - Governance\n\n## Area\ninfra, ci",P2,"infra, ci"
"[Task]: Load Sample Data into Database","## Problem\nNeed to populate database with sample data for development and testing.\n\n## Solution\n1. Run sample data generator:\n   ```bash\n   python scripts/generate_sample_parcels.py --count 300 --all-regions --output data/all_300.geojson --sql\n   ```\n2. Review generated SQL\n3. Import into database\n\n## Acceptance Criteria\n- [ ] data/all_300.geojson generated\n- [ ] data/all_300_inserts.sql generated\n- [ ] SQL imports successfully into database\n- [ ] 300 parcels visible in database\n- [ ] Parcels display correctly on map\n\n## Priority\nP1 - Immediate\n\n## Area\ndata, geospatial",P1,"data, geospatial"
"[Task]: Implement Color Palette Constants","## Problem\nColors are hardcoded in MapViewer.tsx. Need centralized color management.\n\n## Solution\n1. Add LayerColors interface to types/index.ts\n2. Add LAND_COVER_COLORS constant with Viridis palette\n3. Add AGROFORESTRY_SUBTYPE_COLORS constant\n4. Update MapViewer to use constants\n5. Add color legend component\n\n## Acceptance Criteria\n- [ ] Color constants defined in types\n- [ ] MapViewer uses constants instead of hardcoded values\n- [ ] Color legend displays on map\n- [ ] Colors match design principles\n\n## Priority\nP1 - Visualization\n\n## Area\nfrontend, design",P1,"frontend, design"
"[Task]: Fix Opacity Slider in LayerPanel","## Problem\nOpacity sliders don't affect map layers.\n\n## Solution\n1. Add opacity state to LayerPanel\n2. Add onOpacityChange callback\n3. Update MapViewer to apply opacity via setPaintProperty\n4. Test all layer types\n\n## Acceptance Criteria\n- [ ] Opacity sliders functional\n- [ ] Changes visible on map\n- [ ] Works for all layer types\n- [ ] No performance issues\n\n## Priority\nP1 - Visualization\n\n## Area\nfrontend, geospatial",P1,"frontend, geospatial"
